{name/string/UNIQUE/NOT NULL},{ItemType/enum/DEFAULT(Matarial)},{description/string/NOT NULL},{maxStack/int/CHECK(VALUE >= 0 AND VALUE <= 99)},{sellPrice/int/CHECK(VALUE >= 0)}
쌀 한포대,Matarial,수확한 쌀을 포대자루에 모았다,99,0
토마토,,맛있게 여물은 토마토다,99,0
호박,,속이 꽉찬 호박이다. 할로윈에 쓸만해 보인다,99,0
딸기,,빨간 딸기가 맛있어보인다,99,0
쌀,, 씨앗을 심어 쌀를 수확 할 수 있다.,99,0
토마토 씨앗,, 씨앗을 심어 토마토을 수확 할 수 있다.,99,0
호박 씨앗,, 씨앗을 심어 호박을 수확 할 수 있다.,99,0
딸기 씨앗,, 씨앗을 심어 딸기을 수확 할 수 있다.,99,0
지렁이,,바다에 던져,99,0
괭이,,대충,1,100
물뿌리게,,아무,1,100
낫,,설명,1,100
낚시대,,낚시,1,100
